下料批次号,零件号,面料号,零件外轮廓线坐标
L0002,s000001,1,"[[19309.0, 1323.0], [19313.3, 1323.1], [19339.9, 1323.5], [19359.4, 1323.9], [19379.0, 1324.4], [19397.9, 1325.1], [19407.9, 1325.7], [19417.9, 1326.4], [19464.1, 1330.6], [19479.4, 1332.3], [19489.4, 1333.5], [19503.8, 1335.2], [19506.3, 1335.5], [19511.7, 1336.3], [19519.5, 1337.5], [19535.1, 1340.0], [19550.8, 1342.5], [19558.7, 1343.5], [19566.5, 1344.3], [19568.2, 1344.4], [19577.1, 1344.9], [19586.0, 1345.0], [19596.0, 1345.0], [19606.0, 1344.6], [19615.9, 1343.8], [19616.7, 1343.8], [19627.3, 1342.7], [19638.0, 1341.3], [19648.7, 1339.6], [19661.2, 1337.5], [19673.8, 1335.1], [19680.8, 1333.6], [19687.8, 1332.2], [19694.6, 1330.7], [19701.2, 1329.4], [19704.5, 1328.7], [19707.8, 1328.1], [19711.5, 1327.4], [19713.5, 1327.0], [19715.6, 1326.6], [19716.9, 1330.9], [19718.5, 1335.3], [19720.1, 1338.7], [19722.0, 1341.9], [19724.1, 1344.9], [19726.3, 1347.8], [19727.9, 1349.8], [19729.8, 1351.5], [19732.9, 1353.6], [19736.1, 1355.2], [19739.1, 1356.5], [19742.2, 1357.8], [19746.0, 1358.9], [19749.8, 1359.6], [19753.6, 1360.0], [19760.7, 1360.3], [19765.0, 1360.2], [19769.3, 1359.9], [19773.5, 1359.5], [19777.8, 1358.9], [19783.7, 1358.0], [19789.6, 1356.8], [19797.0, 1355.1], [19804.3, 1353.1], [19811.6, 1350.8], [19818.8, 1348.4], [19828.8, 1344.8], [19838.6, 1341.0], [19848.5, 1336.9], [19858.3, 1332.5], [19866.4, 1328.5], [19874.4, 1324.4], [19882.2, 1320.3], [19890.1, 1315.9], [19896.9, 1312.0], [19903.8, 1308.1], [19910.3, 1304.2], [19913.4, 1302.4], [19916.4, 1300.7], [19920.4, 1308.3], [19924.6, 1316.2], [19928.8, 1324.4], [19933.1, 1332.7], [19933.5, 1333.4], [19941.5, 1349.7], [19945.7, 1358.3], [19949.6, 1366.9], [19955.1, 1379.3], [19960.5, 1391.7], [19965.8, 1404.0], [19971.2, 1416.2], [19975.4, 1424.9], [19979.6, 1433.7], [19980.6, 1435.6], [19983.2, 1440.9], [19986.7, 1448.1], [19990.1, 1455.1], [19991.8, 1458.5], [19993.3, 1461.6], [19987.3, 1462.3], [19981.1, 1463.1], [19975.6, 1464.0], [19970.2, 1465.0], [19966.4, 1465.9], [19962.7, 1467.0], [19955.3, 1469.5], [19950.1, 1471.6], [19945.0, 1474.0], [19939.8, 1476.8], [19934.7, 1479.8], [19930.5, 1482.5], [19926.3, 1485.5], [19922.4, 1488.7], [19918.6, 1492.1], [19914.0, 1496.9], [19911.2, 1500.2], [19909.7, 1502.0], [19906.8, 1506.2], [19904.2, 1510.5], [19901.9, 1515.0], [19899.8, 1519.5], [19897.6, 1525.5], [19895.6, 1531.6], [19893.7, 1538.4], [19892.0, 1545.1], [19891.0, 1549.3], [19890.2, 1553.5], [19889.5, 1557.5], [19888.9, 1561.6], [19888.3, 1565.5], [19887.8, 1569.0], [19885.0, 1569.9], [19882.4, 1570.8], [19877.4, 1572.4], [19872.7, 1573.7], [19867.9, 1574.9], [19858.0, 1577.1], [19844.7, 1579.7], [19831.4, 1582.0], [19814.1, 1584.6], [19796.6, 1586.8], [19779.2, 1588.7], [19761.7, 1590.2], [19744.3, 1591.4], [19726.8, 1592.4], [19711.8, 1592.9], [19695.6, 1593.3], [19663.6, 1593.6], [19603.9, 1593.6], [19576.1, 1593.4], [19562.0, 1593.1], [19547.9, 1592.6], [19530.4, 1591.8], [19512.8, 1590.7], [19495.2, 1589.5], [19477.6, 1588.1], [19458.7, 1586.4], [19444.4, 1584.9], [19430.1, 1583.2], [19412.8, 1580.7], [19395.5, 1578.0], [19377.1, 1574.8], [19363.0, 1572.2], [19348.8, 1569.3], [19334.1, 1566.0], [19319.5, 1562.5], [19310.5, 1560.2], [19301.5, 1557.8], [19294.9, 1555.8], [19288.4, 1553.6], [19282.3, 1551.3], [19276.4, 1548.7], [19272.7, 1546.8], [19269.1, 1544.6], [19264.2, 1541.4], [19259.5, 1537.8], [19257.4, 1535.9], [19255.9, 1534.3], [19254.6, 1532.5], [19252.2, 1529.2], [19250.0, 1525.8], [19247.4, 1521.0], [19245.1, 1515.9], [19243.8, 1512.5], [19242.7, 1509.2], [19242.1, 1506.8], [19241.5, 1504.4], [19241.1, 1501.7], [19240.6, 1498.8], [19240.3, 1496.7], [19239.8, 1492.4], [19239.6, 1490.4], [19239.4, 1488.6], [19239.3, 1487.2], [19239.1, 1485.8], [19211.1, 1485.7], [19211.4, 1482.4], [19211.7, 1479.4], [19212.0, 1476.5], [19212.2, 1473.8], [19212.4, 1471.2], [19212.7, 1468.9], [19213.1, 1464.5], [19213.4, 1460.5], [19213.8, 1456.8], [19214.1, 1453.2], [19214.5, 1449.6], [19215.2, 1442.9], [19216.0, 1435.6], [19216.8, 1428.0], [19217.7, 1420.1], [19218.6, 1411.9], [19219.5, 1403.5], [19221.5, 1386.3], [19223.5, 1369.0], [19224.4, 1360.5], [19225.4, 1352.1], [19226.4, 1344.0], [19227.3, 1336.2], [19228.2, 1328.7], [19229.0, 1321.7], [19235.3, 1321.8], [19241.3, 1322.0], [19247.2, 1322.1], [19252.9, 1322.2], [19264.1, 1322.5], [19275.3, 1322.6], [19286.6, 1322.8], [19309.0, 1323.0]]"
L0002,s000002,1,"[[17758.0, 1435.0], [17758.8, 1429.4], [17760.0, 1423.9], [17761.5, 1418.3], [17763.4, 1412.9], [17765.6, 1407.5], [17768.1, 1402.4], [17771.1, 1397.5], [17774.5, 1393.0], [17778.2, 1389.0], [17782.1, 1385.2], [17786.4, 1381.8], [17791.0, 1378.6], [17797.2, 1375.0], [17803.7, 1371.7], [17810.4, 1368.8], [17817.2, 1366.3], [17824.1, 1364.0], [17836.1, 1360.6], [17848.0, 1357.6], [17860.0, 1355.0], [17891.3, 1348.5], [17908.2, 1345.2], [17925.1, 1342.2], [17939.7, 1339.8], [17954.3, 1337.6], [17968.2, 1335.8], [17982.1, 1334.1], [17995.5, 1332.7], [18008.9, 1331.5], [18019.6, 1330.7], [18030.4, 1330.0], [18051.9, 1328.9], [18087.2, 1327.6], [18117.3, 1326.8], [18131.7, 1326.5], [18156.1, 1326.2], [18180.4, 1326.1], [18204.7, 1326.2], [18229.1, 1326.5], [18245.4, 1326.8], [18260.3, 1327.4], [18277.8, 1328.4], [18295.2, 1329.7], [18312.7, 1331.2], [18330.2, 1333.1], [18347.6, 1335.4], [18365.0, 1338.1], [18378.2, 1340.4], [18391.6, 1343.1], [18401.5, 1345.4], [18406.4, 1346.6], [18410.9, 1347.9], [18413.3, 1348.6], [18415.8, 1349.4], [18418.4, 1350.3], [18421.4, 1351.3], [18422.4, 1358.3], [18423.5, 1365.5], [18424.7, 1371.8], [18426.1, 1378.0], [18428.6, 1387.5], [18430.1, 1392.1], [18431.7, 1396.8], [18434.2, 1402.7], [18437.1, 1408.5], [18440.4, 1413.8], [18443.0, 1417.5], [18444.9, 1419.9], [18445.8, 1421.1], [18448.7, 1424.5], [18451.9, 1427.8], [18455.7, 1431.2], [18459.7, 1434.5], [18463.9, 1437.6], [18468.2, 1440.5], [18473.0, 1443.4], [18478.0, 1446.0], [18483.2, 1448.5], [18488.5, 1450.6], [18495.1, 1452.8], [18501.7, 1454.5], [18508.2, 1455.9], [18514.6, 1457.1], [18519.0, 1457.8], [18523.4, 1458.4], [18527.8, 1458.7], [18532.3, 1458.9], [18529.8, 1464.2], [18527.5, 1469.3], [18523.0, 1479.4], [18520.3, 1486.0], [18517.5, 1492.6], [18514.9, 1499.1999999999998], [18512.4, 1505.6], [18500.4, 1502.5], [18488.2, 1499.3000000000002], [18463.8, 1493.1999999999998], [18440.5, 1487.8000000000002], [18417.3, 1482.7], [18395.5, 1478.1], [18390.7, 1477.1], [18363.2, 1471.6], [18347.6, 1468.6], [18328.5, 1465.0], [18304.8, 1460.8], [18281.0, 1456.7], [18257.3, 1453.0], [18245.4, 1451.2], [18233.5, 1449.6], [18221.3, 1448.2], [18209.1, 1446.7], [18199.1, 1445.6], [18183.2, 1444.0], [18167.3, 1442.8], [18152.3, 1442.0], [18137.3, 1441.3], [18122.4, 1440.8], [18107.4, 1440.4], [18094.1, 1440.1], [18064.3, 1439.7], [18047.9, 1439.9], [18033.9, 1440.3], [18020.0, 1440.9], [17992.1, 1442.4], [17973.1, 1443.3], [17929.8, 1445.7], [17908.2, 1447.0], [17886.3, 1448.4], [17866.9, 1449.6], [17847.5, 1451.0], [17828.3, 1452.4], [17818.9, 1453.1], [17809.6, 1453.9], [17797.2, 1454.9], [17784.7, 1456.0], [17778.3, 1456.6], [17771.7, 1457.3], [17764.8, 1457.9], [17757.6, 1458.6], [17757.4, 1452.7], [17757.2, 1446.7], [17757.5, 1440.9], [17758.0, 1435.0]]"
L0002,s000003,1,"[[8.0, 249.0], [7.7999999999999545, 48.5], [7.7999999999999545, 10.300000000000182], [49.0, 7.199999999999818], [52.59999999999991, 7.5], [55.90000000000009, 7.800000000000182], [59.0, 8.099999999999909], [61.80000000000018, 8.300000000000182], [64.5, 8.5], [66.90000000000009, 8.699999999999818], [69.19999999999982, 8.900000000000091], [71.30000000000018, 9.099999999999909], [75.30000000000018, 9.400000000000091], [79.0, 9.800000000000182], [82.59999999999991, 10.099999999999909], [86.19999999999982, 10.400000000000091], [88.0, 10.599999999999909], [90.69999999999982, 10.900000000000091], [95.40000000000009, 11.300000000000182], [100.5, 11.800000000000182], [105.80000000000018, 12.300000000000182], [111.30000000000018, 12.900000000000091], [117.09999999999991, 13.400000000000091], [123.0, 14.0], [129.0999999999999, 14.599999999999909], [141.69999999999982, 15.900000000000091], [154.5999999999999, 17.199999999999818], [167.5999999999999, 18.59999999999991], [180.5, 19.90000000000009], [193.0999999999999, 21.199999999999818], [199.19999999999982, 21.800000000000182], [205.19999999999982, 22.40000000000009], [211.0, 23.0], [216.5999999999999, 23.59999999999991], [221.9000000000001, 24.199999999999818], [227.0, 24.699999999999818], [231.80000000000018, 25.199999999999818], [236.30000000000018, 25.59999999999991], [240.5, 26.0], [244.30000000000018, 26.40000000000009], [247.69999999999982, 26.699999999999818], [250.69999999999982, 27.0], [253.19999999999982, 27.199999999999818], [255.30000000000018, 27.40000000000009], [256.3000000000002, 27.5], [257.8000000000002, 27.59999999999991], [259.0999999999999, 27.699999999999818], [260.6999999999998, 27.800000000000182], [262.8000000000002, 28.0], [264.0999999999999, 28.09999999999991], [265.5999999999999, 28.199999999999818], [270.3000000000002, 57.90000000000009], [274.5999999999999, 58.19999999999982], [279.1999999999998, 58.5], [284.0, 58.80000000000018], [289.0, 59.19999999999982], [299.4000000000001, 59.80000000000018], [309.8000000000002, 60.19999999999982], [318.6999999999998, 60.5], [327.4000000000001, 60.5], [335.6999999999998, 60.30000000000018], [344.0999999999999, 60.0], [351.6999999999998, 59.5], [358.4000000000001, 58.90000000000009], [365.0999999999999, 58.0], [373.8000000000002, 56.59999999999991], [382.5999999999999, 55.09999999999991], [392.3000000000002, 53.19999999999982], [394.0999999999999, 52.80000000000018], [402.0999999999999, 51.19999999999982], [419.5999999999999, 47.80000000000018], [435.8000000000002, 44.19999999999982], [453.0, 40.5], [474.1999999999998, 36.0], [503.3000000000002, 29.699999999999818], [518.5, 26.5], [533.5999999999999, 23.300000000000182], [537.5, 37.80000000000018], [550.6999999999998, 37.30000000000018], [563.8000000000002, 36.80000000000018], [577.5999999999999, 36.40000000000009], [584.4000000000001, 36.19999999999982], [591.3000000000002, 35.80000000000018], [602.3000000000002, 34.80000000000018], [604.8000000000002, 34.59999999999991], [614.6999999999998, 33.59999999999991], [626.8000000000002, 32.5], [638.8000000000002, 31.199999999999818], [649.9000000000001, 29.59999999999991], [661.1999999999998, 27.800000000000182], [670.1999999999998, 26.199999999999818], [679.1999999999998, 24.59999999999991], [687.9000000000001, 23.09999999999991], [692.0999999999999, 22.40000000000009], [696.0999999999999, 21.699999999999818], [700.0, 30.40000000000009], [703.9000000000001, 38.90000000000009], [708.1999999999998, 48.5], [711.4000000000001, 55.5], [712.5999999999999, 58.19999999999982], [717.9000000000001, 69.19999999999982], [723.5, 80.0], [736.5999999999999, 104.5], [750.3000000000002, 128.69999999999982], [758.0999999999999, 142.30000000000018], [766.1999999999998, 155.80000000000018], [767.3000000000002, 157.5], [773.1999999999998, 167.0999999999999], [773.8000000000002, 168.19999999999982], [776.9000000000001, 173.0999999999999], [780.5, 179.0], [777.5999999999999, 182.0], [774.9000000000001, 185.0999999999999], [772.4000000000001, 188.4000000000001], [770.1999999999998, 191.69999999999982], [768.0, 195.5], [766.0999999999999, 199.4000000000001], [764.5999999999999, 203.0], [763.5, 206.69999999999982], [762.3000000000002, 211.80000000000018], [761.3000000000002, 217.0], [760.3000000000002, 223.0999999999999], [759.4000000000001, 229.19999999999982], [758.8000000000002, 236.5], [758.5, 243.80000000000018], [758.0999999999999, 253.5], [757.8000000000002, 263.1999999999998], [757.8000000000002, 263.8000000000002], [757.6999999999998, 270.8000000000002], [757.6999999999998, 274.6999999999998], [757.5999999999999, 278.8000000000002], [749.4000000000001, 279.4000000000001], [740.9000000000001, 279.9000000000001], [723.8000000000002, 281.0], [708.9000000000001, 281.8000000000002], [694.0999999999999, 282.4000000000001], [679.8000000000002, 282.8000000000002], [665.5, 283.0], [647.9000000000001, 283.0], [630.4000000000001, 282.6999999999998], [611.5999999999999, 282.1999999999998], [592.9000000000001, 281.3000000000002], [568.6999999999998, 279.9000000000001], [544.5999999999999, 278.4000000000001], [524.4000000000001, 277.1999999999998], [504.3000000000002, 275.9000000000001], [487.8000000000002, 274.6999999999998], [471.3000000000002, 273.4000000000001], [453.5999999999999, 272.0], [435.9000000000001, 270.6999999999998], [420.5, 269.3000000000002], [405.0, 268.0999999999999], [390.0999999999999, 267.3000000000002], [375.3000000000002, 266.5], [360.6999999999998, 265.6999999999998], [353.3000000000002, 265.1999999999998], [345.6999999999998, 264.9000000000001], [340.0, 264.6999999999998], [334.3000000000002, 264.5], [328.5999999999999, 264.4000000000001], [323.0, 264.4000000000001], [317.5999999999999, 264.3000000000002], [312.5, 264.1999999999998], [301.3000000000002, 264.1999999999998], [299.0, 264.0999999999999], [292.3000000000002, 264.0999999999999], [8.099999999999909, 264.0], [8.0, 249.0]]"
L0002,s000004,1,"[[694.0, 1123.0], [695.5, 1123.2], [702.4000000000001, 1124.3], [709.4000000000001, 1125.3], [716.5, 1126.3], [723.4000000000001, 1127.3], [733.0999999999999, 1128.6], [742.5, 1129.8], [749.1999999999998, 1130.5], [761.1999999999998, 1132.0], [772.9000000000001, 1133.3], [784.8000000000002, 1134.6], [800.8000000000002, 1136.0], [816.8000000000002, 1137.3], [832.6999999999998, 1138.6], [848.6999999999998, 1139.7], [861.8000000000002, 1140.4], [874.8999999999996, 1140.7], [888.1000000000004, 1140.7], [906.8999999999996, 1140.4], [925.6999999999998, 1139.8], [944.1999999999998, 1139.1], [962.8000000000002, 1138.1], [971.6999999999998, 1137.4], [981.3999999999996, 1136.8], [1000.0, 1135.2], [1014.8000000000002, 1133.7], [1029.6999999999998, 1132.1], [1047.5, 1130.0], [1056.3000000000002, 1129.0], [1064.8000000000002, 1127.9], [1068.6000000000004, 1135.9], [1067.6999999999998, 1139.7], [1066.8999999999996, 1143.3], [1065.1999999999998, 1150.3], [1063.3000000000002, 1159.5], [1062.5, 1164.2], [1061.8999999999996, 1168.9], [1061.5, 1174.9], [1061.3000000000002, 1178.2], [1061.1999999999998, 1180.9], [1061.0, 1187.0], [1061.1000000000004, 1192.5], [1061.3999999999996, 1197.9], [1062.1000000000004, 1202.5], [1063.1000000000004, 1207.1], [1064.3999999999996, 1212.3], [1066.0, 1217.5], [1067.6999999999998, 1221.8], [1069.6999999999998, 1226.0], [1072.6999999999998, 1231.5], [1076.1000000000004, 1236.9], [1078.1999999999998, 1240.1], [1080.5, 1243.2], [1082.8999999999996, 1246.2], [1085.5, 1248.9], [1090.6999999999998, 1254.0], [1098.3999999999996, 1260.9], [1106.3999999999996, 1267.4], [1112.3999999999996, 1272.0], [1118.6000000000004, 1276.5], [1127.6999999999998, 1282.8], [1136.8999999999996, 1289.0], [1146.0, 1295.1], [1154.8999999999996, 1301.2], [1161.0, 1305.4], [1167.1000000000004, 1309.8], [1173.3999999999996, 1314.4], [1180.1000000000004, 1319.3], [1180.0, 1329.1], [1172.6999999999998, 1329.4], [1165.0, 1329.7], [1157.0, 1330.1], [1148.8000000000002, 1330.4], [1132.0, 1330.9], [1115.3000000000002, 1331.3], [1105.3000000000002, 1331.4], [1095.5, 1331.5], [1076.0, 1331.6], [1062.3000000000002, 1331.7], [1048.6000000000004, 1331.7], [1036.3000000000002, 1331.4], [1024.1000000000004, 1330.9], [1011.8999999999996, 1330.3], [999.6999999999998, 1329.5], [986.0, 1328.5], [972.3999999999996, 1327.3], [958.6000000000004, 1325.9], [944.8999999999996, 1324.3], [925.8000000000002, 1321.9], [906.6999999999998, 1319.0], [883.3000000000002, 1315.1], [860.0, 1310.6], [845.6999999999998, 1307.7], [831.3999999999996, 1304.5], [817.5, 1301.2], [803.6999999999998, 1297.7], [789.0999999999999, 1293.8], [783.1999999999998, 1292.2], [774.4000000000001, 1289.9], [759.8000000000002, 1286.1], [752.4000000000001, 1284.3], [745.0, 1282.7], [743.6999999999998, 1282.4], [715.0999999999999, 1276.1], [686.6999999999998, 1269.3], [658.3000000000002, 1262.0], [655.1999999999998, 1261.2], [629.5999999999999, 1254.3], [621.5, 1252.0], [613.5, 1249.8], [605.5999999999999, 1247.5], [598.0999999999999, 1245.2], [593.4000000000001, 1243.8], [588.6999999999998, 1242.2], [583.8000000000002, 1240.6], [581.1999999999998, 1239.7], [578.4000000000001, 1238.8], [579.5, 1234.9], [580.6999999999998, 1230.8], [581.9000000000001, 1226.5], [583.1999999999998, 1222.0], [585.8000000000002, 1212.7], [588.5999999999999, 1202.9], [591.4000000000001, 1192.9], [594.3000000000002, 1182.8], [597.0999999999999, 1172.7], [600.0, 1162.7], [602.6999999999998, 1153.1], [604.0, 1148.5], [605.3000000000002, 1144.0], [606.5999999999999, 1139.6], [607.8000000000002, 1135.5], [608.9000000000001, 1131.5], [610.0, 1127.7], [611.0, 1124.2], [612.0, 1120.9], [612.9000000000001, 1117.9], [613.6999999999998, 1115.1], [614.4000000000001, 1112.7], [615.0999999999999, 1110.6], [615.5999999999999, 1108.8], [616.0999999999999, 1107.4], [616.4000000000001, 1106.5], [616.8000000000002, 1105.3], [617.1999999999998, 1104.2], [617.5999999999999, 1102.9], [618.1999999999998, 1101.2], [655.1999999999998, 1116.3], [658.0, 1116.8], [660.4000000000001, 1117.3], [662.5, 1117.7], [664.4000000000001, 1118.0], [666.0999999999999, 1118.4], [667.8000000000002, 1118.7], [670.8000000000002, 1119.2], [676.3000000000002, 1120.2], [682.4000000000001, 1121.2], [688.8000000000002, 1122.2], [694.0, 1123.0]]"
L0002,s000005,1,"[[770.0, 1039.0], [773.3000000000002, 1091.9], [752.1999999999998, 1092.1], [747.6999999999998, 1092.1999999999998], [735.9000000000001, 1092.1999999999998], [728.5999999999999, 1092.3000000000002], [721.0, 1092.3000000000002], [713.1999999999998, 1092.4], [696.1999999999998, 1092.3000000000002], [687.6999999999998, 1092.1999999999998], [679.4000000000001, 1092.1], [675.1999999999998, 1092.0], [663.0999999999999, 1091.6999999999998], [651.0999999999999, 1091.3000000000002], [649.6999999999998, 1091.3000000000002], [645.4000000000001, 1091.1], [639.3000000000002, 1090.6999999999998], [635.5999999999999, 1090.3000000000002], [630.0999999999999, 1089.6999999999998], [626.6999999999998, 1089.1999999999998], [623.1999999999998, 1088.5], [619.5, 1087.6], [615.8000000000002, 1086.5], [609.3000000000002, 1084.3], [603.8000000000002, 1081.9], [599.0, 1079.4], [594.3000000000002, 1076.7], [592.0, 1075.2], [589.5999999999999, 1073.5], [586.4000000000001, 1071.0], [583.3000000000002, 1068.1], [581.5999999999999, 1066.4], [580.4000000000001, 1065.0], [579.3000000000002, 1063.7], [577.6999999999998, 1061.9], [576.0, 1059.9], [574.4000000000001, 1057.8], [571.8000000000002, 1053.9], [569.5, 1049.9], [568.0999999999999, 1046.9], [566.8000000000002, 1044.0], [565.4000000000001, 1040.4], [564.1999999999998, 1036.9], [562.5999999999999, 1030.8], [561.0999999999999, 1024.0], [559.9000000000001, 1015.0999999999999], [559.6999999999998, 1012.7], [559.4000000000001, 1009.2], [559.0999999999999, 1002.2], [559.0, 997.3], [559.0, 993.3], [559.0999999999999, 989.5], [559.3000000000002, 985.8], [559.4000000000001, 983.4000000000001], [559.5, 981.0], [559.6999999999998, 977.7], [559.9000000000001, 974.0999999999999], [560.0999999999999, 970.4000000000001], [560.3000000000002, 966.5999999999999], [560.9000000000001, 957.4000000000001], [561.5999999999999, 948.3], [561.6999999999998, 946.5], [562.5999999999999, 936.9000000000001], [563.1999999999998, 931.7], [564.0, 925.2], [564.4000000000001, 921.8], [565.1999999999998, 916.9000000000001], [566.1999999999998, 911.8], [567.0999999999999, 907.8], [568.5999999999999, 902.4000000000001], [569.5999999999999, 899.0], [570.9000000000001, 895.5999999999999], [572.3000000000002, 892.3], [574.0, 888.7], [576.9000000000001, 883.5], [579.6999999999998, 879.0999999999999], [582.0, 875.8], [583.9000000000001, 873.4000000000001], [585.9000000000001, 871.0], [588.9000000000001, 868.0], [590.1999999999998, 866.7], [593.6999999999998, 863.7], [597.1999999999998, 860.9000000000001], [602.6999999999998, 857.0], [607.4000000000001, 854.2], [611.3000000000002, 852.3], [615.3000000000002, 850.5], [618.9000000000001, 849.3], [623.0999999999999, 848.0999999999999], [629.5, 846.5999999999999], [633.1999999999998, 846.0], [637.5, 845.4000000000001], [641.9000000000001, 844.9000000000001], [648.0999999999999, 844.5], [658.0999999999999, 844.5], [664.0999999999999, 844.8], [673.5, 845.5], [682.6999999999998, 846.4000000000001], [687.5, 846.9000000000001], [702.4000000000001, 848.7], [717.1999999999998, 850.7], [723.9000000000001, 851.7], [730.4000000000001, 852.5999999999999], [736.6999999999998, 853.5], [742.6999999999998, 854.4000000000001], [745.5999999999999, 854.8], [750.1999999999998, 855.5], [752.4000000000001, 855.8], [755.0, 856.2], [757.5999999999999, 856.5999999999999], [760.4000000000001, 857.0], [763.3000000000002, 857.5], [766.5999999999999, 857.9000000000001], [786.9000000000001, 861.0], [766.0, 976.5], [770.0, 1039.0]]"
L0002,s000006,1,"[[19150.0, 1513.0], [19150.3, 1516.4], [19151.2, 1522.1999999999998], [19152.1, 1526.6], [19153.3, 1531.0], [19155.2, 1536.9], [19157.1, 1542.6999999999998], [19158.6, 1547.0], [19159.3, 1549.1999999999998], [19160.0, 1551.5], [19158.3, 1559.6], [19150.1, 1560.5], [19142.0, 1561.5], [19126.1, 1563.1999999999998], [19108.2, 1565.0], [19090.3, 1566.6], [19079.8, 1567.5], [19069.3, 1568.6], [19062.7, 1569.4], [19054.5, 1570.4], [19044.2, 1571.6], [19034.0, 1572.9], [19024.4, 1574.1999999999998], [19014.8, 1575.6999999999998], [18987.3, 1579.5], [18966.0, 1582.1999999999998], [18943.8, 1584.5], [18915.6, 1586.8000000000002], [18898.5, 1588.1999999999998], [18881.5, 1589.3000000000002], [18864.2, 1590.3000000000002], [18846.9, 1591.1], [18812.3, 1592.3000000000002], [18792.2, 1592.9], [18772.2, 1593.3000000000002], [18735.3, 1593.3000000000002], [18719.5, 1593.1999999999998], [18703.6, 1593.1], [18695.9, 1593.0], [18688.4, 1593.0], [18681.1, 1592.9], [18674.2, 1592.9], [18674.3, 1587.3000000000002], [18674.3, 1581.4], [18674.4, 1575.5], [18674.4, 1569.4], [18674.6, 1544.6], [18674.8, 1527.3000000000002], [18675.1, 1510.3000000000002], [18675.9, 1489.8000000000002], [18677.0, 1469.1999999999998], [18679.2, 1431.6], [18679.3, 1430.8000000000002], [18680.2, 1417.8000000000002], [18681.3, 1403.9], [18682.7, 1387.5], [18683.4, 1379.4], [18684.1, 1371.5], [18724.4, 1370.0], [18726.8, 1370.5], [18729.0, 1370.9], [18731.0, 1371.1999999999998], [18732.8, 1371.5], [18734.4, 1371.8000000000002], [18735.8, 1372.1], [18738.2, 1372.5], [18740.2, 1372.9], [18741.8, 1373.1999999999998], [18743.3, 1373.4], [18744.7, 1373.6999999999998], [18748.2, 1374.4], [18752.2, 1375.1999999999998], [18756.7, 1376.1], [18761.6, 1377.1], [18764.2, 1377.6], [18766.9, 1378.1], [18772.5, 1379.3000000000002], [18778.5, 1380.5], [18784.7, 1381.8000000000002], [18791.2, 1383.1], [18797.9, 1384.5], [18804.7, 1385.9], [18811.7, 1387.4], [18826.0, 1390.3000000000002], [18840.4, 1393.3000000000002], [18854.6, 1396.1999999999998], [18861.6, 1397.6], [18868.4, 1399.0], [18875.0, 1400.3000000000002], [18881.4, 1401.6], [18887.6, 1402.8000000000002], [18893.4, 1404.0], [18899.0, 1405.0], [18904.1, 1406.0], [18908.9, 1406.9], [18913.2, 1407.6999999999998], [18917.1, 1408.4], [18920.5, 1408.9], [18923.3, 1409.4], [18924.5, 1409.5], [18925.5, 1409.6999999999998], [18926.4, 1409.8000000000002], [18928.0, 1409.9], [18929.2, 1410.0], [18930.9, 1410.1], [18931.9, 1410.1], [18933.0, 1410.1999999999998], [18934.3, 1410.3000000000002], [18935.8, 1410.4], [18940.5, 1440.1], [18947.4, 1440.6], [18954.6, 1441.1], [18962.1, 1441.6], [18969.5, 1441.9], [18979.6, 1442.3000000000002], [18989.6, 1442.4], [19010.2, 1442.4], [19014.4, 1442.3000000000002], [19021.0, 1441.6999999999998], [19027.6, 1440.8000000000002], [19036.1, 1439.6], [19044.5, 1438.3000000000002], [19053.1, 1436.6999999999998], [19061.7, 1434.9], [19064.2, 1434.3000000000002], [19079.8, 1430.9], [19093.9, 1427.6], [19107.5, 1424.4], [19122.3, 1420.9], [19133.9, 1418.1999999999998], [19142.1, 1416.5], [19150.4, 1415.1], [19160.3, 1413.6], [19170.4, 1412.4], [19181.6, 1411.1], [19187.0, 1410.6], [19192.1, 1410.1999999999998], [19194.5, 1410.1], [19196.9, 1409.9], [19199.6, 1409.8000000000002], [19202.6, 1409.6], [19204.7, 1425.1], [19199.6, 1428.1], [19194.4, 1431.1999999999998], [19190.1, 1434.3000000000002], [19186.0, 1437.6], [19182.2, 1440.8000000000002], [19178.6, 1444.1999999999998], [19174.6, 1448.3000000000002], [19170.9, 1452.6], [19167.3, 1457.5], [19163.9, 1462.6], [19160.5, 1468.1999999999998], [19157.4, 1473.9], [19155.1, 1479.3000000000002], [19153.2, 1484.8000000000002], [19152.0, 1488.8000000000002], [19150.9, 1492.8000000000002], [19150.1, 1496.8000000000002], [19149.6, 1500.8000000000002], [19149.4, 1503.3000000000002], [19149.5, 1505.6999999999998], [19149.7, 1510.6], [19150.0, 1513.0]]"
L0002,s000007,1,"[[675.0, 663.0], [679.0, 663.4], [682.5, 663.6], [686.1999999999998, 663.5], [690.1000000000004, 663.3], [694.0, 663.0], [698.8999999999996, 662.4], [703.6000000000004, 661.7], [707.8999999999996, 661.0], [709.8999999999996, 660.7], [711.6999999999998, 660.4], [736.3999999999996, 656.1], [729.8000000000002, 781.7], [726.8999999999996, 837.9000000000001], [704.8000000000002, 834.3], [702.6999999999998, 833.9000000000001], [700.3999999999996, 833.5999999999999], [697.1999999999998, 833.0], [693.6999999999998, 832.5], [690.1000000000004, 832.0], [686.3000000000002, 831.5], [677.6999999999998, 830.5999999999999], [673.5, 830.2], [669.3999999999996, 830.0], [606.8999999999996, 830.0], [594.1000000000004, 741.0999999999999], [616.6000000000004, 653.3], [634.6000000000004, 656.2], [635.8999999999996, 656.5], [637.8999999999996, 656.8], [640.1000000000004, 657.1], [643.1000000000004, 657.6], [645.8999999999996, 658.1], [646.6999999999998, 658.2], [647.5, 658.3], [651.3000000000002, 658.9], [652.1999999999998, 659.1], [657.6000000000004, 660.0], [661.3999999999996, 660.6], [665.1000000000004, 661.2], [670.8000000000002, 662.2], [672.3000000000002, 662.5], [673.6000000000004, 662.7], [675.0, 663.0]]"
L0002,s000008,1,"[[822.0, 1441.0], [821.3999999999996, 1438.7], [820.1000000000004, 1433.5], [818.8000000000002, 1428.6], [825.3000000000002, 1426.9], [832.0, 1425.1], [838.8999999999996, 1423.2], [846.1000000000004, 1421.3], [853.5, 1419.3], [861.1000000000004, 1417.3], [868.8999999999996, 1415.2], [876.6999999999998, 1413.2], [892.6999999999998, 1409.0], [895.8999999999996, 1408.1], [908.8999999999996, 1404.8], [925.1000000000004, 1400.7], [941.1000000000004, 1396.8], [954.8999999999996, 1393.5], [968.5, 1390.3], [995.3999999999996, 1383.8], [1011.5, 1379.8], [1024.5, 1376.5], [1027.6000000000004, 1375.7], [1043.8000000000002, 1371.6], [1060.0, 1367.6], [1080.6999999999998, 1362.8], [1101.5, 1358.4], [1123.3999999999996, 1354.0], [1146.8999999999996, 1349.6], [1150.0, 1349.0], [1181.0, 1343.8], [1198.8999999999996, 1341.1], [1216.8000000000002, 1338.6], [1250.6999999999998, 1334.3], [1270.1000000000004, 1332.1], [1279.8999999999996, 1331.2], [1289.8999999999996, 1330.3], [1298.3000000000002, 1329.7], [1306.8000000000002, 1329.2], [1324.1999999999998, 1328.5], [1341.6000000000004, 1328.0], [1358.8999999999996, 1327.7], [1367.3999999999996, 1327.6], [1383.8000000000002, 1327.6], [1391.6999999999998, 1327.7], [1399.3000000000002, 1327.7], [1406.6000000000004, 1327.8], [1413.6000000000004, 1327.9], [1420.1999999999998, 1327.9], [1421.3000000000002, 1337.9], [1425.1999999999998, 1341.5], [1429.3000000000002, 1345.4], [1433.3999999999996, 1349.5], [1437.3000000000002, 1353.7], [1442.6000000000004, 1359.9], [1447.3999999999996, 1366.4], [1450.0, 1370.3], [1452.5, 1374.3], [1455.0, 1378.8], [1457.3999999999996, 1383.3], [1459.6000000000004, 1388.3], [1461.6000000000004, 1393.4], [1463.1000000000004, 1398.0], [1464.1999999999998, 1401.7], [1465.1999999999998, 1405.5], [1466.1000000000004, 1410.4], [1466.6000000000004, 1414.1], [1467.0, 1417.9], [1467.3000000000002, 1424.1], [1467.1000000000004, 1429.9], [1466.3999999999996, 1439.1], [1465.8999999999996, 1443.7], [1465.1999999999998, 1448.3], [1464.0, 1453.5], [1462.6000000000004, 1458.6], [1460.8000000000002, 1463.6], [1458.8000000000002, 1468.6], [1455.6999999999998, 1474.8], [1452.0, 1480.7], [1447.8000000000002, 1486.6], [1444.8999999999996, 1490.3000000000002], [1441.8000000000002, 1493.8000000000002], [1438.3000000000002, 1497.4], [1434.6000000000004, 1500.8000000000002], [1429.3999999999996, 1505.1], [1424.0, 1509.1999999999998], [1417.1999999999998, 1513.6], [1410.1999999999998, 1517.5], [1408.6000000000004, 1518.1999999999998], [1407.6999999999998, 1518.6999999999998], [1401.3000000000002, 1522.0], [1396.1999999999998, 1524.3000000000002], [1391.0, 1526.3000000000002], [1383.1999999999998, 1529.1999999999998], [1375.1999999999998, 1532.0], [1368.6000000000004, 1534.1], [1361.8999999999996, 1536.1], [1348.3999999999996, 1540.0], [1339.6000000000004, 1542.8000000000002], [1330.6999999999998, 1545.8000000000002], [1326.1999999999998, 1547.5], [1321.8000000000002, 1549.6], [1320.1999999999998, 1550.5], [1319.8000000000002, 1550.8000000000002], [1317.8000000000002, 1552.1999999999998], [1314.1999999999998, 1555.1], [1311.1000000000004, 1558.1999999999998], [1308.3999999999996, 1561.6], [1306.3000000000002, 1565.0], [1304.5, 1568.5], [1302.1999999999998, 1574.1], [1301.1999999999998, 1576.8000000000002], [1300.3999999999996, 1579.4], [1296.3000000000002, 1578.8000000000002], [1292.3000000000002, 1578.1999999999998], [1284.8000000000002, 1577.1], [1277.5, 1576.1], [1270.3000000000002, 1574.9], [1259.8999999999996, 1573.1999999999998], [1249.1999999999998, 1571.5], [1238.3999999999996, 1569.6999999999998], [1227.6000000000004, 1568.0], [1214.6000000000004, 1566.1999999999998], [1207.3999999999996, 1565.4], [1201.6000000000004, 1564.6999999999998], [1191.6000000000004, 1563.8000000000002], [1181.5, 1563.0], [1169.6999999999998, 1562.1999999999998], [1157.8000000000002, 1561.5], [1144.1000000000004, 1560.9], [1130.5, 1560.6], [1116.6999999999998, 1560.6], [1101.1999999999998, 1561.1], [1084.0, 1561.9], [1066.8000000000002, 1562.9], [1040.8999999999996, 1564.5], [1014.8999999999996, 1566.4], [998.1999999999998, 1567.9], [989.1999999999998, 1568.6999999999998], [981.5, 1569.5], [964.8000000000002, 1571.4], [948.1000000000004, 1573.4], [935.3999999999996, 1575.1], [934.1999999999998, 1575.3000000000002], [922.6999999999998, 1576.9], [909.3000000000002, 1579.0], [896.0, 1581.1999999999998], [856.3000000000002, 1593.1999999999998], [852.8000000000002, 1575.9], [849.3000000000002, 1558.8000000000002], [845.8999999999996, 1541.8000000000002], [844.0, 1533.1999999999998], [842.1000000000004, 1524.4], [839.3000000000002, 1511.9], [833.3000000000002, 1486.3], [830.1999999999998, 1473.7], [827.1000000000004, 1461.4], [825.6000000000004, 1455.4], [824.1999999999998, 1449.7], [822.6999999999998, 1444.1], [822.0, 1441.0]]"
L0002,s000009,1,"[[486.0, 1054.0], [488.0, 1054.1999999999998], [492.60000000000036, 1054.5], [497.60000000000036, 1054.6], [502.6999999999998, 1054.6], [507.89999999999964, 1054.3000000000002], [513.8000000000002, 1053.9], [519.5, 1053.4], [524.8000000000002, 1052.9], [527.1999999999998, 1052.6], [529.5, 1052.4], [553.1999999999998, 1049.6999999999998], [542.3000000000002, 1229.4], [538.5, 1293.1], [516.3999999999996, 1289.1], [514.1000000000004, 1288.6999999999998], [511.5, 1288.3000000000002], [507.89999999999964, 1287.6999999999998], [504.10000000000036, 1287.0], [500.0, 1286.4], [495.8000000000002, 1285.8000000000002], [486.3000000000002, 1284.6], [481.6999999999998, 1284.1999999999998], [477.10000000000036, 1283.9], [472.0, 1283.6999999999998], [396.1999999999998, 1283.6999999999998], [388.6999999999998, 1164.1999999999998], [410.6999999999998, 1042.8000000000002], [429.60000000000036, 1045.3000000000002], [431.1999999999998, 1045.6], [433.6999999999998, 1045.9], [436.39999999999964, 1046.3000000000002], [444.0, 1047.5], [446.1999999999998, 1047.9], [449.1999999999998, 1048.4], [452.3000000000002, 1048.8000000000002], [453.8000000000002, 1049.1], [462.39999999999964, 1050.4], [470.8000000000002, 1051.6999999999998], [473.39999999999964, 1052.1], [476.3000000000002, 1052.5], [479.1999999999998, 1052.9], [482.8000000000002, 1053.5], [486.0, 1054.0]]"
L0002,s000010,1,"[[529.0, 913.0], [525.0, 940.9000000000001], [545.6000000000004, 1021.2], [524.1000000000004, 1024.9], [518.5, 1025.9], [514.3000000000002, 1026.6], [509.89999999999964, 1027.3], [509.1999999999998, 1027.4], [500.89999999999964, 1028.7], [484.5, 1031.1], [475.3000000000002, 1032.2], [466.3000000000002, 1033.0], [456.89999999999964, 1033.4], [452.10000000000036, 1033.5], [446.60000000000036, 1033.3], [440.6999999999998, 1032.8], [434.6999999999998, 1031.7], [430.39999999999964, 1030.7], [426.10000000000036, 1029.3], [421.5, 1027.5], [416.8000000000002, 1025.2], [413.6999999999998, 1023.5999999999999], [410.8000000000002, 1021.7], [407.8000000000002, 1019.7], [404.89999999999964, 1017.5], [401.3000000000002, 1014.2], [399.39999999999964, 1012.3], [397.60000000000036, 1010.4000000000001], [394.10000000000036, 1006.3], [392.0, 1003.4000000000001], [390.0, 1000.3], [389.1999999999998, 999.0], [388.1999999999998, 997.0999999999999], [387.3000000000002, 995.4000000000001], [386.8000000000002, 994.5], [386.3000000000002, 993.4000000000001], [384.5, 989.3], [383.10000000000036, 985.5999999999999], [381.6999999999998, 981.0], [380.5, 975.5999999999999], [379.60000000000036, 970.5999999999999], [378.89999999999964, 963.8], [378.60000000000036, 958.9000000000001], [378.39999999999964, 953.9000000000001], [378.39999999999964, 949.9000000000001], [378.3000000000002, 946.0999999999999], [378.3000000000002, 944.0999999999999], [378.1999999999998, 940.9000000000001], [378.10000000000036, 937.4000000000001], [378.1999999999998, 930.8], [378.3000000000002, 926.8], [378.8000000000002, 920.5], [379.39999999999964, 916.2], [380.3000000000002, 910.9], [381.0, 907.6], [381.8000000000002, 904.6], [382.8000000000002, 901.6], [383.10000000000036, 900.7], [383.39999999999964, 899.9], [384.0, 898.1], [384.3000000000002, 897.3], [384.60000000000036, 896.4], [385.1999999999998, 894.8], [386.6999999999998, 891.4], [388.5, 888.1], [391.0, 884.1], [394.8000000000002, 879.1], [396.89999999999964, 876.8], [399.1999999999998, 874.5], [401.8000000000002, 872.1], [404.60000000000036, 870.0], [407.0, 868.3], [409.39999999999964, 866.8], [412.60000000000036, 865.1], [415.8000000000002, 863.6], [419.10000000000036, 862.2], [422.39999999999964, 860.9], [425.8000000000002, 859.8], [429.1999999999998, 858.9], [432.8000000000002, 858.1], [434.8000000000002, 857.8], [436.10000000000036, 857.6], [437.10000000000036, 857.5], [439.3000000000002, 857.1], [440.60000000000036, 856.9], [442.0, 856.7], [447.5, 856.1], [452.5, 855.8], [457.1999999999998, 855.7], [465.3000000000002, 855.7], [476.60000000000036, 855.8], [487.8000000000002, 855.9], [494.89999999999964, 855.9], [498.5, 855.8], [514.1000000000004, 855.8], [537.3000000000002, 855.6], [529.0, 913.0]]"
L0002,s000011,1,"[[18551.0, 1499.0], [18550.2, 1495.7], [18548.7, 1487.6], [18547.5, 1479.7], [18547.0, 1474.8], [18546.4, 1468.5], [18546.0, 1462.2], [18545.8, 1455.8], [18545.8, 1452.9], [18545.6, 1437.1], [18545.7, 1426.5], [18546.0, 1411.8], [18546.3, 1402.1], [18546.7, 1378.0], [18546.9, 1362.3], [18547.1, 1343.0], [18547.2, 1334.8], [18547.2, 1326.8], [18547.3, 1318.9], [18547.3, 1303.5], [18547.2, 1291.7], [18547.1, 1279.6], [18547.0, 1260.2], [18546.8, 1244.5], [18546.4, 1220.5], [18546.2, 1210.8], [18545.9, 1196.0], [18545.8, 1185.5], [18546.0, 1169.6], [18546.1, 1166.8], [18546.3, 1160.4], [18546.6, 1154.1], [18547.2, 1147.8], [18547.8, 1142.9], [18548.9, 1135.0], [18550.5, 1126.9], [18551.3, 1123.5], [18551.6, 1122.5], [18552.8, 1118.0], [18554.2, 1113.5], [18555.9, 1109.1], [18557.1, 1106.1], [18559.4, 1101.1], [18561.8, 1096.4], [18564.9, 1091.0], [18567.7, 1086.3], [18572.8, 1078.6], [18576.8, 1073.2], [18579.7, 1069.6], [18582.5, 1066.2], [18585.3, 1062.9], [18588.2, 1059.6], [18592.4, 1054.5], [18596.3, 1050.2], [18598.3, 1048.1], [18600.4, 1046.2], [18602.5, 1044.4], [18603.7, 1043.5], [18605.1, 1042.4], [18607.8, 1040.3], [18640.0, 1029.6], [18646.6, 1048.1], [18647.7, 1051.3], [18648.5, 1053.7], [18649.4, 1056.1], [18651.2, 1061.4], [18653.1, 1067.3], [18655.0, 1073.2], [18656.1, 1077.0], [18658.1, 1084.6], [18659.8, 1093.2], [18660.8, 1100.5], [18661.4, 1106.8], [18661.8, 1112.9], [18662.0, 1116.4], [18662.2, 1130.5], [18662.1, 1144.3], [18662.0, 1146.5], [18661.7, 1155.3], [18661.0, 1170.3], [18660.1, 1185.1], [18657.9, 1217.6], [18657.3, 1226.1], [18656.6, 1236.7], [18656.3, 1241.8], [18656.1, 1246.8], [18655.8, 1252.2], [18655.6, 1257.6], [18655.5, 1262.2], [18655.5, 1262.7], [18655.4, 1265.5], [18655.4, 1268.3], [18655.3, 1271.4], [18655.2, 1274.7], [18655.1, 1281.4], [18655.0, 1288.2], [18655.0, 1291.5], [18654.9, 1294.7], [18654.9, 1297.9], [18654.8, 1300.8], [18654.8, 1309.4], [18654.7, 1310.5], [18654.7, 1313.0], [18654.8, 1314.2], [18654.8, 1322.5], [18654.9, 1325.2], [18654.9, 1331.2], [18655.0, 1334.5], [18655.1, 1341.3], [18655.2, 1348.1], [18655.2, 1351.3], [18655.3, 1354.4], [18655.3, 1357.3], [18655.4, 1360.0], [18655.4, 1360.5], [18655.6, 1365.1], [18655.7, 1370.6], [18656.0, 1375.9], [18656.2, 1380.9], [18656.5, 1386.1], [18657.2, 1396.7], [18657.7, 1405.1], [18659.9, 1437.6], [18660.8, 1452.5], [18661.5, 1467.4], [18661.7, 1476.2], [18661.8, 1478.4], [18661.9, 1492.3], [18661.7, 1506.3], [18661.5, 1509.9], [18661.1, 1515.9], [18660.5, 1522.2], [18659.5, 1529.5], [18658.7, 1533.9], [18657.7, 1538.1], [18655.8, 1545.7], [18654.6, 1549.5], [18652.8, 1555.5], [18650.8, 1561.3000000000002], [18649.6, 1564.9], [18648.4, 1568.4], [18647.2, 1571.6], [18646.2, 1574.6], [18639.6, 1593.1], [18607.3, 1582.3000000000002], [18604.7, 1580.3000000000002], [18603.6, 1579.4], [18601.7, 1577.9], [18600.0, 1576.5], [18597.9, 1574.5], [18595.8, 1572.4], [18592.0, 1568.1], [18587.8, 1563.1], [18584.9, 1559.6999999999998], [18582.1, 1556.4], [18579.3, 1553.0], [18576.4, 1549.4], [18572.5, 1544.1], [18567.3, 1536.3], [18564.5, 1531.6], [18561.5, 1526.2], [18559.1, 1521.5], [18556.8, 1516.5], [18555.6, 1513.5], [18553.9, 1509.1], [18552.5, 1504.6], [18551.3, 1500.1], [18551.0, 1499.0]]"
L0002,s000012,1,"[[45.0, 1383.0], [60.0, 1381.8000000000002], [79.5, 1380.3000000000002], [108.19999999999982, 1378.1999999999998], [136.89999999999964, 1376.3000000000002], [180.69999999999982, 1373.5], [224.60000000000036, 1371.1], [242.20000000000073, 1370.1999999999998], [275.60000000000036, 1368.6], [292.39999999999964, 1367.9], [309.10000000000036, 1367.4], [328.39999999999964, 1367.3000000000002], [352.10000000000036, 1367.6], [375.7000000000007, 1368.1], [388.60000000000036, 1368.6], [401.5, 1369.1], [414.39999999999964, 1369.8000000000002], [427.2999999999993, 1370.8000000000002], [445.60000000000036, 1372.5], [463.89999999999964, 1374.4], [479.0, 1376.0], [494.0, 1377.8000000000002], [510.5, 1380.1999999999998], [534.0, 1383.8000000000002], [545.7000000000007, 1385.6999999999998], [557.3999999999996, 1387.8000000000002], [569.7000000000007, 1390.1999999999998], [581.8999999999996, 1392.6], [594.2000000000007, 1394.9], [606.5, 1396.9], [613.8999999999996, 1398.1], [621.2999999999993, 1399.1999999999998], [628.7000000000007, 1400.6], [636.0, 1402.1], [648.0, 1404.4], [660.0, 1406.6999999999998], [682.0, 1411.1999999999998], [684.7000000000007, 1411.8000000000002], [718.5, 1419.1], [742.7999999999993, 1424.6], [754.7999999999993, 1427.5], [766.7000000000007, 1430.5], [776.3999999999996, 1433.0], [786.1000000000004, 1435.6], [796.0, 1438.3000000000002], [806.2000000000007, 1441.1], [805.0, 1444.4], [803.7999999999993, 1447.8000000000002], [801.2999999999993, 1455.0], [798.5, 1462.6999999999998], [795.7000000000007, 1470.6], [792.7000000000007, 1478.8000000000002], [789.7000000000007, 1487.1], [786.6000000000004, 1495.3000000000002], [783.6000000000004, 1503.4], [781.1000000000004, 1509.8000000000002], [778.7000000000007, 1516.1], [773.7999999999993, 1528.5], [767.7000000000007, 1543.6], [761.2999999999993, 1558.8000000000002], [753.7000000000007, 1576.1], [749.7999999999993, 1584.6], [746.0, 1593.0], [724.3999999999996, 1589.1], [722.7999999999993, 1588.1999999999998], [721.3999999999996, 1587.3000000000002], [718.7999999999993, 1585.6999999999998], [716.5, 1584.1999999999998], [714.2000000000007, 1582.8000000000002], [711.6000000000004, 1581.3000000000002], [708.7999999999993, 1579.6], [703.0, 1576.1999999999998], [697.0, 1572.6999999999998], [690.8999999999996, 1569.1], [681.3999999999996, 1563.3000000000002], [671.8999999999996, 1557.8000000000002], [663.7999999999993, 1553.3000000000002], [655.6000000000004, 1549.1999999999998], [650.3999999999996, 1546.6], [645.1000000000004, 1544.1], [639.7000000000007, 1541.6999999999998], [634.0, 1539.1999999999998], [629.7999999999993, 1537.5], [625.7000000000007, 1535.9], [621.7999999999993, 1534.4], [620.0, 1533.8000000000002], [618.3999999999996, 1533.3000000000002], [617.5, 1533.0], [616.6000000000004, 1532.6999999999998], [615.3999999999996, 1532.3000000000002], [613.8999999999996, 1531.9], [599.7999999999993, 1529.3000000000002], [584.3999999999996, 1526.1999999999998], [577.2999999999993, 1524.9], [570.2000000000007, 1523.6], [565.7000000000007, 1523.0], [561.1000000000004, 1522.5], [552.0, 1521.9], [548.2000000000007, 1521.9], [544.3999999999996, 1522.0], [540.2000000000007, 1522.5], [536.0, 1523.4], [532.7000000000007, 1524.4], [530.7999999999993, 1525.0], [528.8999999999996, 1525.8000000000002], [527.1000000000004, 1526.6999999999998], [525.5, 1527.8000000000002], [524.2999999999993, 1529.0], [523.2999999999993, 1530.3000000000002], [520.8999999999996, 1533.6], [519.8999999999996, 1535.3000000000002], [519.0, 1537.1], [518.2000000000007, 1539.0], [517.5, 1541.1], [516.5, 1544.4], [515.5, 1547.8000000000002], [514.6000000000004, 1551.0], [514.2999999999993, 1552.4], [513.8999999999996, 1553.8000000000002], [509.5, 1552.9], [504.7999999999993, 1552.0], [500.0, 1551.1], [495.10000000000036, 1550.1999999999998], [484.89999999999964, 1548.3000000000002], [474.7999999999993, 1546.4], [469.60000000000036, 1545.6], [462.7999999999993, 1544.4], [451.0, 1542.5], [441.0, 1540.9], [431.0, 1539.6], [421.0, 1538.5], [411.0, 1537.8000000000002], [398.89999999999964, 1537.3000000000002], [386.7000000000007, 1537.1], [371.7999999999993, 1537.5], [357.0, 1538.3000000000002], [337.2000000000007, 1539.9], [316.60000000000036, 1542.0], [295.89999999999964, 1544.1999999999998], [275.2999999999993, 1546.3000000000002], [254.70000000000073, 1548.1], [224.89999999999964, 1550.1], [195.39999999999964, 1551.8000000000002], [164.0, 1553.1999999999998], [132.60000000000036, 1554.0], [106.39999999999964, 1554.5], [80.10000000000036, 1554.9], [53.100000000000364, 1555.4], [26.100000000000364, 1556.1], [7.699999999999818, 1386.5], [16.199999999999818, 1385.6999999999998], [24.5, 1384.9], [40.69999999999982, 1383.4], [45.0, 1383.0]]"
L0002,s000013,1,"[[1941.0, 1520.0], [1941.6000000000004, 1522.5], [1943.2999999999993, 1529.0], [1945.2000000000007, 1535.2], [1946.2000000000007, 1538.8], [1947.2000000000007, 1542.4], [1948.2000000000007, 1546.2], [1949.2999999999993, 1550.4], [1947.0, 1559.3], [1930.7000000000007, 1561.2], [1914.2999999999993, 1562.9], [1898.7000000000007, 1564.4], [1883.0, 1565.9], [1857.2999999999993, 1568.4], [1841.6000000000004, 1570.2], [1826.0, 1572.3], [1816.0, 1573.9], [1806.1000000000004, 1575.3], [1802.5, 1575.7], [1772.2000000000007, 1579.4], [1747.3999999999996, 1582.3], [1734.1000000000004, 1583.9], [1724.6000000000004, 1584.9], [1715.0, 1585.8], [1695.7999999999993, 1587.3], [1676.6000000000004, 1588.7], [1657.2999999999993, 1590.0], [1642.7999999999993, 1590.8], [1628.2999999999993, 1591.4], [1599.2999999999993, 1592.2], [1573.7999999999993, 1592.7], [1548.2999999999993, 1593.0], [1515.7000000000007, 1593.1], [1506.1000000000004, 1593.2], [1496.5, 1593.2], [1483.5, 1592.9], [1477.1000000000004, 1592.7], [1470.7999999999993, 1592.5], [1470.8999999999996, 1584.8], [1471.1000000000004, 1576.7], [1471.2000000000007, 1568.2], [1471.3999999999996, 1559.4], [1471.5, 1550.4], [1471.7000000000007, 1541.3], [1471.8999999999996, 1532.3], [1472.2000000000007, 1523.3], [1472.3999999999996, 1513.9], [1472.7000000000007, 1504.7], [1473.2999999999993, 1486.5], [1474.0, 1469.3], [1474.2999999999993, 1460.5], [1474.7999999999993, 1451.7], [1475.3999999999996, 1440.6], [1476.2000000000007, 1429.4], [1477.0, 1418.1], [1477.8999999999996, 1407.1], [1478.7999999999993, 1396.3], [1479.7000000000007, 1385.9], [1480.1000000000004, 1380.9], [1480.5, 1376.1], [1481.0, 1371.5], [1481.3999999999996, 1367.1], [1511.5, 1365.9], [1514.1000000000004, 1366.4], [1516.6000000000004, 1366.9], [1521.0, 1367.7], [1525.0, 1368.4], [1528.6000000000004, 1369.1], [1532.0, 1369.7], [1535.1000000000004, 1370.3], [1541.2000000000007, 1371.4], [1545.8999999999996, 1372.3], [1550.7000000000007, 1373.2], [1555.7000000000007, 1374.2], [1560.8999999999996, 1375.1], [1571.6000000000004, 1377.2], [1582.7000000000007, 1379.3], [1594.1000000000004, 1381.5], [1617.2000000000007, 1386.0], [1628.5, 1388.3], [1641.2000000000007, 1390.8], [1653.6000000000004, 1393.2], [1678.2000000000007, 1398.1], [1702.3999999999996, 1402.8], [1715.8999999999996, 1405.5], [1722.7000000000007, 1406.7], [1729.5, 1407.8], [1741.7999999999993, 1409.5], [1754.1000000000004, 1410.9], [1765.2000000000007, 1412.2], [1776.2999999999993, 1413.3], [1787.8999999999996, 1414.2], [1799.5, 1414.8], [1801.6000000000004, 1415.0], [1816.0, 1415.8], [1826.8999999999996, 1416.1], [1837.7999999999993, 1416.2], [1853.6000000000004, 1416.2], [1863.0, 1416.0], [1872.3999999999996, 1415.6], [1882.1000000000004, 1415.0], [1891.7999999999993, 1414.3], [1902.0, 1413.6], [1912.2999999999993, 1412.8], [1933.2000000000007, 1410.9], [1946.5, 1409.7], [1960.0, 1408.5], [1968.7999999999993, 1407.7], [1977.7000000000007, 1406.8], [1986.2999999999993, 1405.9], [1994.6000000000004, 1405.1], [1996.3999999999996, 1421.0], [1993.8999999999996, 1422.5], [1991.2000000000007, 1424.1], [1988.3999999999996, 1425.8], [1985.3999999999996, 1427.6], [1979.3999999999996, 1431.5], [1976.3999999999996, 1433.6], [1973.6000000000004, 1435.7], [1969.6000000000004, 1438.9], [1965.8999999999996, 1442.3], [1962.5, 1445.8], [1959.2999999999993, 1449.5], [1956.1000000000004, 1453.8], [1953.1000000000004, 1458.2], [1949.7999999999993, 1463.6], [1946.7999999999993, 1469.2], [1944.2999999999993, 1474.8], [1942.2000000000007, 1480.6], [1940.6000000000004, 1485.8], [1939.8999999999996, 1488.4], [1939.3999999999996, 1491.1], [1938.8999999999996, 1494.7], [1938.7000000000007, 1498.3], [1938.7000000000007, 1501.9], [1938.7999999999993, 1505.5], [1939.1000000000004, 1509.1], [1939.5, 1512.5], [1940.1000000000004, 1515.8], [1941.0, 1520.0]]"
